{"cameraMode":{"drawMode":0,"name":"Shaded","section":"Shading Mode"},"sceneLighting":true,"audioPlay":false,"sceneViewState":{"showFog":true,"showMaterialUpdate":false,"showSkybox":true,"showFlares":true,"showImageEffects":true,"showParticleSystems":true,"showVisualEffectGraphs":true,"m_FxEnabled":true},"in2DMode":false,"pivot":{"x":349.38079833984377,"y":45.98548889160156,"z":629.1400756835938},"rotation":{"x":0.057811640202999118,"y":0.043412938714027408,"z":-0.002517093438655138,"w":0.9973816871643066},"size":474.5360107421875,"orthographic":false}